"record_type","batch_id","market_type","status","id","timestamp_utc","symbol","side","plan_id","position_id","kind","reason","message","entry_price","exit_price","current_price","quantity","remaining_quantity","stop_loss","take_profit_1","take_profit_2","tp1_hit","opened_at_utc","closed_at_utc","last_received_at_utc","eligible_at_utc","expires_at_utc","entry_fee_usdt","gross_pnl_usdt","fees_usdt","funding_usdt","net_pnl_usdt","realized_pnl_usdt","unrealized_pnl_usdt","equity_usdt","cash_usdt","return_pct","max_drawdown_pct","win_rate_pct","profit_factor","completed_trades","incomplete_positions","incomplete","initial_capital_usdt","risk_pct","max_notional_pct","max_positions","fee_bps","slippage_bps","latency_ms","started_at_utc","ended_at_utc","schema_version","strategy_version","signal_settings_json","funding_status","funding_through_utc","action","fill_price","trade_timestamp_utc","source_trade_id","fee_usdt","funding_charge_usdt","exit_notional_usdt","exit_fees_usdt","signal_timestamp_utc","plan_json","equity_peak_usdt","recorded_max_drawdown_pct"
"batch","auto-1791372174596-1","futures","COMPLETED","","","","","","","","","","","","","","","","","","","","","","","","","","0.694581674","0","","83.91481532600001","0","10083.914815326","10083.914815326","0.8391481532599832","0.006521139877513633","100","Infinity","1","0","","10000","0.5","20","3","5","5","250","2026-10-07T11:22:54.596Z","2026-10-07T11:22:58.847Z","1","conservative-follow-v1","{""fixtureReplay"":1}","PENDING","","","","","","","","","","","","10084.28950263075","0.006521139877513633"
"plan","auto-1791372174596-1","futures","COMPLETED","follow-fixture-auto-1791372174596-1-1","","TESTUSDT","LONG","follow-fixture-auto-1791372174596-1-1","","","","","","","","","","","","","","","","","","","","","","","","","","","","","","","","","","","","","","","","","","","","1","conservative-follow-v1","","PENDING","","","","","","","","","","","{""id"":""follow-fixture-auto-1791372174596-1-1"",""alertId"":""fixture-auto-1791372174596-1-1"",""marketType"":""futures"",""symbol"":""TESTUSDT"",""side"":""LONG"",""state"":""CONFIRMED"",""referencePrice"":100,""triggerPrice"":110,""triggerTimestamp"":1791372174696,""impulse"":10,""observationPrice"":106.18,""zoneLow"":105,""zoneHigh"":107.5,""stopLoss"":99,""takeProfit1"":119,""takeProfit2"":123,""createdAt"":1791372174696,""expiresAt"":1791373077896,""currentPrice"":107,""stale"":false,""lastReceivedAt"":1791372177896,""lastTradeTimestamp"":1791372177896,""lastTradeId"":4,""extreme"":106,""confirmedEntry"":107,""confirmedAt"":1791372177896}","",""
"fill","auto-1791372174596-1","futures","COMPLETED","6","2026-10-07T11:22:58.146Z","TESTUSDT","LONG","follow-fixture-auto-1791372174596-1-1","auto-1791372174596-1-position-5","","CONFIRMED","","","","","6.093","","","","","","","","","","","","0","","","","","","","","","","","","","","","","","","","","","","","","1","conservative-follow-v1","","PENDING","","ENTRY","107.0535","2026-10-07T11:22:58.146Z","5","0.32613848775000004","","","","","","",""
"fill","auto-1791372174596-1","futures","COMPLETED","11","2026-10-07T11:22:58.496Z","TESTUSDT","LONG","follow-fixture-auto-1791372174596-1-1","auto-1791372174596-1-position-5","","TP1","","","","","3.046","","","","","","","","","","","","36.207802","","","","","","","","","","","","","","","","","","","","","","","","1","conservative-follow-v1","","PENDING","","EXIT","118.9405","2026-10-07T11:22:58.496Z","7","0.18114638149999998","","","","","","",""
"fill","auto-1791372174596-1","futures","COMPLETED","16","2026-10-07T11:22:58.846Z","TESTUSDT","LONG","follow-fixture-auto-1791372174596-1-1","auto-1791372174596-1-position-5","","TP2","","","","","3.047","","","","","","","","","","","","48.401595000000015","","","","","","","","","","","","","","","","","","","","","","","","1","conservative-follow-v1","","PENDING","","EXIT","122.9385","2026-10-07T11:22:58.846Z","9","0.18729680475","","","","","","",""
"trade","auto-1791372174596-1","futures","COMPLETED","auto-1791372174596-1-position-5","","TESTUSDT","LONG","follow-fixture-auto-1791372174596-1-1","","","TP2","","107.0535","120.9398280814049","","6.093","","","","","","2026-10-07T11:22:58.146Z","2026-10-07T11:22:58.846Z","","","","","84.60939700000002","0.6945816739999999","0","83.91481532600001","","","","","","","","","","","false","","","","","","","","","","1","conservative-follow-v1","","PENDING","","","","","","","","","","","","",""
"event","auto-1791372174596-1","futures","COMPLETED","auto-1791372174596-1-2","2026-10-07T11:22:54.596Z","","","","","START","","即時模擬評估開始，保守回撤確認 v1","","","","","","","","","","","","","","","","","","","","","","","","","","","","","","","","","","","","","","","","1","conservative-follow-v1","","PENDING","","","","","","","","","","","","",""
"event","auto-1791372174596-1","futures","COMPLETED","auto-1791372174596-1-4","2026-10-07T11:22:57.896Z","TESTUSDT","","","","ENTRY_QUEUED","","保守條件確認，等待延遲後新成交","","","","","","","","","","","","","","","","","","","","","","","","","","","","","","","","","","","","","","","","1","conservative-follow-v1","","PENDING","","","","","","","","","","","","",""
"event","auto-1791372174596-1","futures","COMPLETED","auto-1791372174596-1-7","2026-10-07T11:22:58.146Z","TESTUSDT","","","","ENTRY","","模擬做多 6.093，成交 107.0535，手續費 0.3261","","","","","","","","","","","","","","","","","","","","","","","","","","","","","","","","","","","","","","","","1","conservative-follow-v1","","PENDING","","","","","","","","","","","","",""
"event","auto-1791372174596-1","futures","COMPLETED","auto-1791372174596-1-10","2026-10-07T11:22:58.246Z","TESTUSDT","","","","EXIT_QUEUED","","TP1 條件觸發，等待新成交退出","","","","","","","","","","","","","","","","","","","","","","","","","","","","","","","","","","","","","","","","1","conservative-follow-v1","","PENDING","","","","","","","","","","","","",""
"event","auto-1791372174596-1","futures","COMPLETED","auto-1791372174596-1-12","2026-10-07T11:22:58.496Z","TESTUSDT","","","","EXIT","","TP1 模擬平倉 3.046，成交 118.9405，扣費損益 36.0267","","","","","","","","","","","","","","","","","","","","","","","","","","","","","","","","","","","","","","","","1","conservative-follow-v1","","PENDING","","","","","","","","","","","","",""
"event","auto-1791372174596-1","futures","COMPLETED","auto-1791372174596-1-15","2026-10-07T11:22:58.596Z","TESTUSDT","","","","EXIT_QUEUED","","TP2 條件觸發，等待新成交退出","","","","","","","","","","","","","","","","","","","","","","","","","","","","","","","","","","","","","","","","1","conservative-follow-v1","","PENDING","","","","","","","","","","","","",""
"event","auto-1791372174596-1","futures","COMPLETED","auto-1791372174596-1-17","2026-10-07T11:22:58.846Z","TESTUSDT","","","","EXIT","","TP2 模擬平倉 3.047，成交 122.9385，扣費損益 48.2143","","","","","","","","","","","","","","","","","","","","","","","","","","","","","","","","","","","","","","","","1","conservative-follow-v1","","PENDING","","","","","","","","","","","","",""
"event","auto-1791372174596-1","futures","COMPLETED","auto-1791372174596-1-19","2026-10-07T11:22:58.847Z","","","","","DRAIN","","停止新進場，等待所有持倉退出","","","","","","","","","","","","","","","","","","","","","","","","","","","","","","","","","","","","","","","","1","conservative-follow-v1","","PENDING","","","","","","","","","","","","",""
"event","auto-1791372174596-1","futures","COMPLETED","auto-1791372174596-1-20","2026-10-07T11:22:58.847Z","","","","","COMPLETED","","本批次評估完成","","","","","","","","","","","","","","","","","","","","","","","","","","","","","","","","","","","","","","","","1","conservative-follow-v1","","PENDING","","","","","","","","","","","","",""
"equity","auto-1791372174596-1","futures","COMPLETED","","2026-10-07T11:22:54.596Z","","","","","","","","","","","","","","","","","","","","","","","","","","","","","10000","","","","","","","","","","","","","","","","","","1","conservative-follow-v1","","PENDING","","","","","","","","","","","","",""
"equity","auto-1791372174596-1","futures","COMPLETED","","2026-10-07T11:22:57.896Z","","","","","","","","","","","","","","","","","","","","","","","","","","","","","10000","","","","","","","","","","","","","","","","","","1","conservative-follow-v1","","PENDING","","","","","","","","","","","","",""
"equity","auto-1791372174596-1","futures","COMPLETED","","2026-10-07T11:22:58.146Z","","","","","","","","","","","","","","","","","","","","","","","","","","","","","9999.347886012249","","","","","","","","","","","","","","","","","","1","conservative-follow-v1","","PENDING","","","","","","","","","","","","",""
"equity","auto-1791372174596-1","futures","COMPLETED","","2026-10-07T11:22:58.496Z","","","","","","","","","","","","","","","","","","","","","","","","","","","","","10072.10150263075","","","","","","","","","","","","","","","","","","1","conservative-follow-v1","","PENDING","","","","","","","","","","","","",""
"equity","auto-1791372174596-1","futures","COMPLETED","","2026-10-07T11:22:58.846Z","","","","","","","","","","","","","","","","","","","","","","","","","","","","","10083.914815326","","","","","","","","","","","","","","","","","","1","conservative-follow-v1","","PENDING","","","","","","","","","","","","",""